Название,Ссылка,Collection ID,Item ID,Created On,Updated On,Published On,Раздел,В группе,Название группы,Описание,Цена,Веган,Доставка,2 Советская,Римского-Корсакова,ВО,Позиция в списке,Фотография,Является группой
Aeropress,aeropress,5fab84f647b9e10c06cef6ec,5fc4a9386532b7a2a9e4a53b,Mon Nov 30 2020 08:11:36 GMT+0000 (Coordinated Universal Time),Thu Apr 29 2021 16:48:46 GMT+0000 (Coordinated Universal Time),,drinks,true,Модный чёрный,,170,true,false,2-sovetskaya,rimskogo-korsakova,met-vo,2.1,,false
Английский завтрак ,angliyskiy-zavtrak,5fab84f647b9e10c06cef6ec,5fc4c7cbc72a4317c77d9fb5,Mon Nov 30 2020 10:22:03 GMT+0000 (Coordinated Universal Time),Fri Mar 04 2022 14:49:40 GMT+0000 (Coordinated Universal Time),Fri Mar 04 2022 15:01:33 GMT+0000 (Coordinated Universal Time),zavtraki,,,"Яйца скрэмбл, жареный бекон и пикантная свиная колбаска, запеченные черри и шампиньоны, хрустящие домашние тосты, руккола и фасоль в томатном соусе (450 г)",550,,true,2-sovetskaya,rimskogo-korsakova,,12,,false
Банановый кекс,bananovyy-keks,5fab84f647b9e10c06cef6ec,654e6332bf123c4122879bc7,Fri Nov 10 2023 17:06:58 GMT+0000 (Coordinated Universal Time),Fri Nov 10 2023 17:13:07 GMT+0000 (Coordinated Universal Time),Wed Apr 24 2024 06:11:42 GMT+0000 (Coordinated Universal Time),deserty,false,,"Легкий воздушный кекс с бананом, грецким орехом и шоколадными дропсами (140г)",250,false,false,,,,6.11,,false
Бефстроганов,befstroganov,5fab84f647b9e10c06cef6ec,5fc4d552b4c9492bd4407a55,Mon Nov 30 2020 11:19:46 GMT+0000 (Coordinated Universal Time),Fri Mar 04 2022 14:53:55 GMT+0000 (Coordinated Universal Time),Fri Mar 04 2022 15:01:33 GMT+0000 (Coordinated Universal Time),supy-i-vtorye-blyuda,false,,"Сочная говяжья вырезка и пюре из молодого картофеля, под авторским соусом с огуречным вареньем (300 г)",500,false,false,2-sovetskaya,rimskogo-korsakova,,5,,false
Бенедикт с лососем,benedikt-s-lososem,5fab84f647b9e10c06cef6ec,5fc4d4c051db5a943dda09ea,Mon Nov 30 2020 11:17:20 GMT+0000 (Coordinated Universal Time),Fri Mar 04 2022 14:52:21 GMT+0000 (Coordinated Universal Time),Fri Mar 04 2022 15:01:33 GMT+0000 (Coordinated Universal Time),sendvichi,true,Бенедикт с лососем,"Большая порция: 2 яйца пашот на подушке из авокадо с малосольным лососем шеф-посола, подается на домашних булочках бриошь под соусом бермонте (340 г), с 10 утра",580,false,true,2-sovetskaya,rimskogo-korsakova,,5,,false
Бенедикт с лососем маленькая порция,benedikt-s-lososem-malenkaya-porciya,5fab84f647b9e10c06cef6ec,608b1f1fc134bcdb0a3d7fff,Thu Apr 29 2021 21:03:27 GMT+0000 (Coordinated Universal Time),Fri Mar 04 2022 14:52:17 GMT+0000 (Coordinated Universal Time),Fri Mar 04 2022 15:01:33 GMT+0000 (Coordinated Universal Time),sendvichi,true,,"Маленькая порция: яйцо пашот на подушке из авокадо с малосольным лососем шеф-посола, подается на домашней булочке бриошь под соусом бермонте (150 г), с 10 утра",350,false,true,2-sovetskaya,rimskogo-korsakova,,5.1,,false
-------- Безумный охлаждающий,bezumnyy-ohlazhdayushchiy,5fab84f647b9e10c06cef6ec,608adc7d9a1a9b00b77b1c18,Thu Apr 29 2021 16:19:09 GMT+0000 (Coordinated Universal Time),Fri Oct 01 2021 22:58:44 GMT+0000 (Coordinated Universal Time),,,false,Безумный охлаждающий,,,false,false,2-sovetskaya,rimskogo-korsakova,met-vo,4,,true
-------- Безумный согревающий,bezumnyy-sogrevayushchiy,5fab84f647b9e10c06cef6ec,5fd1454f6262e064a674594e,Wed Dec 09 2020 21:44:47 GMT+0000 (Coordinated Universal Time),Fri Oct 01 2021 23:07:44 GMT+0000 (Coordinated Universal Time),Fri Oct 01 2021 23:07:48 GMT+0000 (Coordinated Universal Time),,false,Безумный согревающий,,,false,false,2-sovetskaya,rimskogo-korsakova,met-vo,4,,true
Брауни с пеканом,brauni-s-pekanom,5fab84f647b9e10c06cef6ec,5fc4d79aa92afe2db88a7da2,Mon Nov 30 2020 11:29:30 GMT+0000 (Coordinated Universal Time),Fri Mar 04 2022 14:54:53 GMT+0000 (Coordinated Universal Time),Fri Mar 04 2022 15:01:33 GMT+0000 (Coordinated Universal Time),deserty,false,,Плотный по текстуре десерт из бельгийского шоколада (100 г),250,false,true,2-sovetskaya,rimskogo-korsakova,met-vo,2,,false
Бриошь с пеканом и карамелью,briosh-s-pekanom-i-karamelyu,5fab84f647b9e10c06cef6ec,608b224b146b9c3773dd65f2,Thu Apr 29 2021 21:16:59 GMT+0000 (Coordinated Universal Time),Fri Mar 04 2022 14:55:38 GMT+0000 (Coordinated Universal Time),Fri Mar 04 2022 15:01:33 GMT+0000 (Coordinated Universal Time),deserty,false,,Нежная сдобная булочка с пеканом и сливочной карамелью (150 г),250,false,true,2-sovetskaya,rimskogo-korsakova,met-vo,3,,false
Какао,cacao,5fab84f647b9e10c06cef6ec,5fc4aba99b75573846939685,Mon Nov 30 2020 08:22:01 GMT+0000 (Coordinated Universal Time),Sat May 01 2021 00:23:53 GMT+0000 (Coordinated Universal Time),Sat May 01 2021 00:28:01 GMT+0000 (Coordinated Universal Time),drinks,true,Не кофе,,180,false,false,2-sovetskaya,rimskogo-korsakova,met-vo,3.1,,false
Какао кокос,cacao-kokos,5fab84f647b9e10c06cef6ec,5fc4b13c0fa24cfdeef1f5df,Mon Nov 30 2020 08:45:48 GMT+0000 (Coordinated Universal Time),Sat May 01 2021 00:24:53 GMT+0000 (Coordinated Universal Time),Sat May 01 2021 00:28:01 GMT+0000 (Coordinated Universal Time),drinks,true,,,250,true,false,2-sovetskaya,rimskogo-korsakova,met-vo,3.7,,false
Каскара,cascara,5fab84f647b9e10c06cef6ec,5fc4b0903821c1610c902046,Mon Nov 30 2020 08:42:56 GMT+0000 (Coordinated Universal Time),Thu Apr 29 2021 16:48:18 GMT+0000 (Coordinated Universal Time),,drinks,true,,,150,true,false,2-sovetskaya,,met-vo,3.3,,false
Каскара кофе,cascara-kofe,5fab84f647b9e10c06cef6ec,5fc4ab2f8270d95bbe0111b9,Mon Nov 30 2020 08:19:59 GMT+0000 (Coordinated Universal Time),Thu Apr 29 2021 16:49:40 GMT+0000 (Coordinated Universal Time),,drinks,true,,,170,true,false,2-sovetskaya,rimskogo-korsakova,met-vo,2.4,,false
Чай чили-ежевика,chay-chili-ezhevika,5fab84f647b9e10c06cef6ec,615795ac7e6745fa1b2af882,Fri Oct 01 2021 23:11:40 GMT+0000 (Coordinated Universal Time),Mon Oct 04 2021 23:34:19 GMT+0000 (Coordinated Universal Time),Mon Oct 04 2021 23:35:16 GMT+0000 (Coordinated Universal Time),drinks,true,,,250,true,false,2-sovetskaya,rimskogo-korsakova,met-vo,4.5,,false
Чай малина-тимьян,chay-malina-timyan,5fab84f647b9e10c06cef6ec,5fc4b68d51db5a68a0d9fbda,Mon Nov 30 2020 09:08:29 GMT+0000 (Coordinated Universal Time),Thu Apr 29 2021 16:31:28 GMT+0000 (Coordinated Universal Time),,drinks,true,,,280,true,false,2-sovetskaya,rimskogo-korsakova,met-vo,4.6,,false
Чай маракуйя,chay-marakuyya,5fab84f647b9e10c06cef6ec,615795c2dbb47a273731da8d,Fri Oct 01 2021 23:12:02 GMT+0000 (Coordinated Universal Time),Mon Oct 04 2021 23:34:31 GMT+0000 (Coordinated Universal Time),Mon Oct 04 2021 23:35:16 GMT+0000 (Coordinated Universal Time),drinks,true,,,250,true,false,2-sovetskaya,rimskogo-korsakova,met-vo,4.6,,false
Чай сайган дайля,chay-saygan-daylya,5fab84f647b9e10c06cef6ec,5fc4b675fee2521ff1d62246,Mon Nov 30 2020 09:08:05 GMT+0000 (Coordinated Universal Time),Thu Apr 29 2021 16:31:32 GMT+0000 (Coordinated Universal Time),,drinks,true,,,250,true,false,2-sovetskaya,rimskogo-korsakova,met-vo,4.5,,false
Чизкейк Сан Себастьян,chizkeyk-san-sebastyan,5fab84f647b9e10c06cef6ec,622229a7a4293b2bd9de23a2,Fri Mar 04 2022 15:00:55 GMT+0000 (Coordinated Universal Time),Fri Mar 04 2022 15:00:55 GMT+0000 (Coordinated Universal Time),Fri Mar 04 2022 15:01:33 GMT+0000 (Coordinated Universal Time),deserty,false,,"Баскский чизкейк, на основе крем-сыра и лимонной цедры (160 г)",220,false,false,2-sovetskaya,rimskogo-korsakova,met-vo,12,,false
Cold Brew Tonic,cold-brew-tonic,5fab84f647b9e10c06cef6ec,608adf82a2282383cd18dbc6,Thu Apr 29 2021 16:32:02 GMT+0000 (Coordinated Universal Time),Fri Oct 01 2021 23:02:32 GMT+0000 (Coordinated Universal Time),,drinks,true,Безумный охлаждающий,,250,true,false,2-sovetskaya,rimskogo-korsakova,met-vo,4.1,,false
Cold Brew в бутылке,cold-brew-v-butylke,5fab84f647b9e10c06cef6ec,608ae2d30c2fc8dd2e524830,Thu Apr 29 2021 16:46:11 GMT+0000 (Coordinated Universal Time),Fri Oct 01 2021 23:00:51 GMT+0000 (Coordinated Universal Time),,drinks,true,,,250,true,false,2-sovetskaya,rimskogo-korsakova,met-vo,4.9,,false
Домашняя гранола; черничный смузи,domashnayaya-granola-chernichnyi-smuzi,5fab84f647b9e10c06cef6ec,5fc4c62b3f21720dcd76a9fa,Mon Nov 30 2020 10:15:07 GMT+0000 (Coordinated Universal Time),Fri Mar 04 2022 14:49:13 GMT+0000 (Coordinated Universal Time),Fri Mar 04 2022 15:01:33 GMT+0000 (Coordinated Universal Time),zavtraki,true,Домашняя Гранола,На основе черничного смузи и йогурта (210 г),350,false,true,2-sovetskaya,rimskogo-korsakova,,10.1,,false
Домашнаяя Гранола; тропический смузи,domashnayaya-granola-tropicheskiy-smuzi,5fab84f647b9e10c06cef6ec,5fc4c64e8f677a44ae53097c,Mon Nov 30 2020 10:15:42 GMT+0000 (Coordinated Universal Time),Fri Mar 04 2022 14:49:03 GMT+0000 (Coordinated Universal Time),Fri Mar 04 2022 15:01:33 GMT+0000 (Coordinated Universal Time),zavtraki,true,,На основе тропического смузи со спирулиной (250 г),350,true,true,2-sovetskaya,rimskogo-korsakova,,10.2,,false
Домашняя гранола на развес,domashnyaya-granola-na-razves,5fab84f647b9e10c06cef6ec,608ae6c53900f760b8351ca9,Thu Apr 29 2021 17:03:01 GMT+0000 (Coordinated Universal Time),Fri Mar 04 2022 14:48:50 GMT+0000 (Coordinated Universal Time),Fri Mar 04 2022 15:01:33 GMT+0000 (Coordinated Universal Time),zavtraki,true,Домашняя гранола на развес,На развес 100 г,220,true,true,,,met-vo,10.4,,false
Домашняя гранола на развес; с молоком,domashnyaya-granola-s-molokom,5fab84f647b9e10c06cef6ec,608ae74465025e29ec360c32,Thu Apr 29 2021 17:05:08 GMT+0000 (Coordinated Universal Time),Fri Mar 04 2022 14:48:42 GMT+0000 (Coordinated Universal Time),Fri Mar 04 2022 15:01:33 GMT+0000 (Coordinated Universal Time),zavtraki,true,,* Можем приготовить с молоком,280,false,true,,,met-vo,10.5,,false
Домашняя гранола на развес; с растительным молоком,domashnyaya-granola-s-rastitelnym-molokom,5fab84f647b9e10c06cef6ec,608ae75f52db4c54b2eface0,Thu Apr 29 2021 17:05:35 GMT+0000 (Coordinated Universal Time),Fri Mar 04 2022 14:48:35 GMT+0000 (Coordinated Universal Time),Fri Mar 04 2022 15:01:33 GMT+0000 (Coordinated Universal Time),zavtraki,true,,* Можем приготовить с растительным молоком: соя/миндаль/кокос,280,true,true,,,met-vo,10.6,,false
Домашняя гранола; йогурт,domashnyaya-granola-yogurt,5fab84f647b9e10c06cef6ec,5fc4c676e6be6c53852a3d27,Mon Nov 30 2020 10:16:22 GMT+0000 (Coordinated Universal Time),Fri Mar 04 2022 14:48:56 GMT+0000 (Coordinated Universal Time),Fri Mar 04 2022 15:01:33 GMT+0000 (Coordinated Universal Time),zavtraki,true,,На основе йогурта и вишневого варенья (260 г),350,false,true,2-sovetskaya,rimskogo-korsakova,,10.3,,false
Драники,draniki,5fab84f647b9e10c06cef6ec,61579b7eb834584805d34ae7,Fri Oct 01 2021 23:36:30 GMT+0000 (Coordinated Universal Time),Fri Mar 04 2022 14:48:06 GMT+0000 (Coordinated Universal Time),Fri Mar 04 2022 15:01:33 GMT+0000 (Coordinated Universal Time),zavtraki,true,Драники с яйцом пашот и лососем,"С 10 утра. Драники из цукини и картофеля с лососем слабой соли, яйцом пашот и копченой сметаной (350 г)",450,false,false,2-sovetskaya,rimskogo-korsakova,,6.1,,false
Эспрессо,espresso,5fab84f647b9e10c06cef6ec,5fbe41d3426f627420cfcb73,Wed Nov 25 2020 11:36:51 GMT+0000 (Coordinated Universal Time),Wed Dec 09 2020 22:03:24 GMT+0000 (Coordinated Universal Time),Wed Dec 09 2020 22:23:32 GMT+0000 (Coordinated Universal Time),drinks,true,Штатный кофе,,100,true,false,2-sovetskaya,rimskogo-korsakova,met-vo,1.1,,false
Фильтр кофе,filtr-kofe,5fab84f647b9e10c06cef6ec,5fc4aaa0f2025e9f66d07655,Mon Nov 30 2020 08:17:36 GMT+0000 (Coordinated Universal Time),Sun Oct 31 2021 00:31:10 GMT+0000 (Coordinated Universal Time),Sun Oct 31 2021 01:09:13 GMT+0000 (Coordinated Universal Time),drinks,true,,,150,true,true,2-sovetskaya,rimskogo-korsakova,met-vo,2.3,,false
Финансье ,finansie,5fab84f647b9e10c06cef6ec,622229912abe846a6ef14f92,Fri Mar 04 2022 15:00:33 GMT+0000 (Coordinated Universal Time),Fri Mar 04 2022 15:00:33 GMT+0000 (Coordinated Universal Time),Fri Mar 04 2022 15:01:33 GMT+0000 (Coordinated Universal Time),deserty,false,,Французский миндальный кекс с апельсином (100 г),220,false,false,2-sovetskaya,rimskogo-korsakova,met-vo,11,,false
Flat White,flat-white,5fab84f647b9e10c06cef6ec,5fbe4313b58612789d087be4,Wed Nov 25 2020 11:42:11 GMT+0000 (Coordinated Universal Time),Fri Oct 01 2021 23:56:40 GMT+0000 (Coordinated Universal Time),Fri Oct 01 2021 23:58:49 GMT+0000 (Coordinated Universal Time),drinks,true,,,200,false,false,2-sovetskaya,rimskogo-korsakova,met-vo,1.4,,false
Flat White на безлактозном молоке,flat-white-na-bezlaktoznom-moloke,5fab84f647b9e10c06cef6ec,612437518d232afcf7a3dd31,Tue Aug 24 2021 00:03:29 GMT+0000 (Coordinated Universal Time),Fri Mar 04 2022 14:35:07 GMT+0000 (Coordinated Universal Time),,drinks,true,,,280,false,false,2-sovetskaya,rimskogo-korsakova,met-vo,1.8,,false
Фреш апельсиновый,fresh-apelsinovyy,5fab84f647b9e10c06cef6ec,5fc4abcbad6f20548f95a15e,Mon Nov 30 2020 08:22:35 GMT+0000 (Coordinated Universal Time),Sun Oct 31 2021 00:31:24 GMT+0000 (Coordinated Universal Time),Sun Oct 31 2021 01:09:13 GMT+0000 (Coordinated Universal Time),drinks,true,,,220,true,true,2-sovetskaya,rimskogo-korsakova,,3.2,,false
Фриттата,fritta,5fab84f647b9e10c06cef6ec,5fc4c6943f9d351c354b0dab,Mon Nov 30 2020 10:16:52 GMT+0000 (Coordinated Universal Time),Tue Nov 23 2021 09:45:21 GMT+0000 (Coordinated Universal Time),Tue Nov 23 2021 09:45:21 GMT+0000 (Coordinated Universal Time),zavtraki,true,Фритатта,"Воздушный запеченный омлет по-итальянски, подается с хрустящими тостами",,false,false,2-sovetskaya,rimskogo-korsakova,,11.1,,false
Фриттата с овощами,frittata-po-italyanski,5fab84f647b9e10c06cef6ec,5fabe3e4d151f2bcc76aa86e,Wed Nov 11 2020 13:15:16 GMT+0000 (Coordinated Universal Time),Fri Mar 04 2022 14:49:29 GMT+0000 (Coordinated Universal Time),Fri Mar 04 2022 15:01:33 GMT+0000 (Coordinated Universal Time),zavtraki,true,,С зелеными овощами и пармезаном (320 г),350,false,false,2-sovetskaya,rimskogo-korsakova,,11.2,,false
Фриттата с ветчиной,frittata-s-vetchinoy,5fab84f647b9e10c06cef6ec,5fabe3fc2eab7b73b8ca24c7,Wed Nov 11 2020 13:15:40 GMT+0000 (Coordinated Universal Time),Fri Mar 04 2022 14:49:26 GMT+0000 (Coordinated Universal Time),Fri Mar 04 2022 15:01:33 GMT+0000 (Coordinated Universal Time),zavtraki,true,,"С ветчиной, шампиньонами и пармезаном (320 г)",350,false,false,2-sovetskaya,rimskogo-korsakova,,11.3,,false
Холодный кокосовый маття,holodnyy-kokosovyy-mattya,5fab84f647b9e10c06cef6ec,608ae2b35f98120871e2e043,Thu Apr 29 2021 16:45:39 GMT+0000 (Coordinated Universal Time),Fri Oct 01 2021 23:03:33 GMT+0000 (Coordinated Universal Time),,drinks,true,,,280,true,false,2-sovetskaya,rimskogo-korsakova,met-vo,4.8,,false
Холодный свекольник,holodnyy-svekolnik,5fab84f647b9e10c06cef6ec,608b1fc74e78c43c70e65818,Thu Apr 29 2021 21:06:15 GMT+0000 (Coordinated Universal Time),Fri Oct 01 2021 23:47:55 GMT+0000 (Coordinated Universal Time),,supy-i-vtorye-blyuda,true,Холодный свекольник,"С пикантной свеклой, свежими овощами и языком молодого бычка су-вид, подается с хрустящими домашними тостами (450 г)",280,false,false,2-sovetskaya,rimskogo-korsakova,,1.1,,false
Холодный свекольник веган,holodnyy-svekolnik-vegan,5fab84f647b9e10c06cef6ec,608b1fe102206c7e3c3f0acd,Thu Apr 29 2021 21:06:41 GMT+0000 (Coordinated Universal Time),Fri Oct 01 2021 23:47:58 GMT+0000 (Coordinated Universal Time),,supy-i-vtorye-blyuda,true,,"С пикантной свеклой и свежими овощами, подается с хрустящими домашними тостами (410 г)",280,true,false,2-sovetskaya,rimskogo-korsakova,,1.2,,false
Ice Раф Banana Shake,ice-raf-banana-shake,5fab84f647b9e10c06cef6ec,608ae1be52db4c6511ef82d5,Thu Apr 29 2021 16:41:34 GMT+0000 (Coordinated Universal Time),Fri Oct 01 2021 23:00:29 GMT+0000 (Coordinated Universal Time),,drinks,true,,,280,true,false,2-sovetskaya,rimskogo-korsakova,met-vo,4.2,,false
Immersion Dripper,immersion-dripper,5fab84f647b9e10c06cef6ec,608ae38ac6a85fa80aa77377,Thu Apr 29 2021 16:49:14 GMT+0000 (Coordinated Universal Time),Tue Aug 24 2021 00:04:57 GMT+0000 (Coordinated Universal Time),Tue Aug 24 2021 00:07:43 GMT+0000 (Coordinated Universal Time),drinks,true,Модный чёрный,,170,true,false,2-sovetskaya,rimskogo-korsakova,met-vo,2.1,,false
Ириска,iriska,5fab84f647b9e10c06cef6ec,5fc4d8736532b7c440e4bb2c,Mon Nov 30 2020 11:33:07 GMT+0000 (Coordinated Universal Time),Fri Mar 04 2022 14:57:45 GMT+0000 (Coordinated Universal Time),,deserty,false,,С разными вкусами на выбор (17 г),80,true,true,2-sovetskaya,rimskogo-korsakova,met-vo,10,,false
Капучино,kapuchino,5fab84f647b9e10c06cef6ec,5fbe41f3b7a16f506bf4dbe2,Wed Nov 25 2020 11:37:23 GMT+0000 (Coordinated Universal Time),Sat May 01 2021 00:22:03 GMT+0000 (Coordinated Universal Time),Sat May 01 2021 00:28:01 GMT+0000 (Coordinated Universal Time),drinks,true,,,200/250,false,false,2-sovetskaya,rimskogo-korsakova,met-vo,1.2,,false
Капучино на безлактозном молоке,kapuchino-na-bezlaktoznom-moloke,5fab84f647b9e10c06cef6ec,612436ff91a2cb59fa7fd445,Tue Aug 24 2021 00:02:07 GMT+0000 (Coordinated Universal Time),Fri Mar 04 2022 14:35:11 GMT+0000 (Coordinated Universal Time),,drinks,true,,,280/350,false,false,2-sovetskaya,rimskogo-korsakova,met-vo,1.7,,false
Киш с беконом и томатами,kish-s-bekonom-i-tomatami,5fab84f647b9e10c06cef6ec,5fc4c5d68f677a31f4530978,Mon Nov 30 2020 10:13:42 GMT+0000 (Coordinated Universal Time),Fri Mar 04 2022 14:48:17 GMT+0000 (Coordinated Universal Time),,zavtraki,true,Киш на домашнем французском тесте,С беконом и томатами черри (250 г),280,false,true,2-sovetskaya,rimskogo-korsakova,met-vo,7.1,,false
Киш с луком порей,kish-s-lukom-porei,5fab84f647b9e10c06cef6ec,5fc4c5ef0c1ad41890039d3c,Mon Nov 30 2020 10:14:07 GMT+0000 (Coordinated Universal Time),Fri Mar 04 2022 14:48:14 GMT+0000 (Coordinated Universal Time),,zavtraki,true,,С сыром пармезан и луком порей (220 г),280,false,true,2-sovetskaya,rimskogo-korsakova,met-vo,7.2,,false
Классический круассан,klassicheskiy-kruassan,5fab84f647b9e10c06cef6ec,5fc4d7b10c1ad4146c03a3d2,Mon Nov 30 2020 11:29:53 GMT+0000 (Coordinated Universal Time),Thu Apr 29 2021 21:25:03 GMT+0000 (Coordinated Universal Time),,deserty,false,,Приготовлен из слоеного теста на сливочном масле,100,false,false,2-sovetskaya,rimskogo-korsakova,met-vo,3,,false
Кокосовая крем-сода,kokosovaya-krem-soda,5fab84f647b9e10c06cef6ec,608ae1f03900f7e93934fa5a,Thu Apr 29 2021 16:42:24 GMT+0000 (Coordinated Universal Time),Fri Oct 01 2021 23:02:47 GMT+0000 (Coordinated Universal Time),,drinks,true,,,280,true,false,2-sovetskaya,rimskogo-korsakova,met-vo,4.3,,false
Крем-суп Наполи,krem-sup-napoli,5fab84f647b9e10c06cef6ec,5fc4d5174665e456b6189949,Mon Nov 30 2020 11:18:47 GMT+0000 (Coordinated Universal Time),Fri Mar 04 2022 14:53:33 GMT+0000 (Coordinated Universal Time),Fri Mar 04 2022 15:01:33 GMT+0000 (Coordinated Universal Time),supy-i-vtorye-blyuda,true,Крем-суп Наполи,"Легкий насыщенный томатный суп с карамелизированными томатами, спайси-маслом и страчателлой, подаётся с хрустящими домашними тостами (330 г)",350,false,true,2-sovetskaya,rimskogo-korsakova,,3.1,,false
Крем-суп Наполи -- сноска,krem-sup-napoli-snoska,5fab84f647b9e10c06cef6ec,5fc4d539afc1eb579fc8658d,Mon Nov 30 2020 11:19:21 GMT+0000 (Coordinated Universal Time),Sun Oct 31 2021 00:59:43 GMT+0000 (Coordinated Universal Time),Sun Oct 31 2021 01:09:13 GMT+0000 (Coordinated Universal Time),supy-i-vtorye-blyuda,true,,* можем приготовить без сыра,280,true,true,2-sovetskaya,rimskogo-korsakova,,3.2,,false
Креметники,kremetniki,5fab84f647b9e10c06cef6ec,61579b123b6b7493d9937a44,Fri Oct 01 2021 23:34:42 GMT+0000 (Coordinated Universal Time),Fri Mar 04 2022 14:47:51 GMT+0000 (Coordinated Universal Time),Fri Mar 04 2022 15:01:33 GMT+0000 (Coordinated Universal Time),zavtraki,true,Креметники,Творожно-цитрусовая начинка со свежими ягодами и фруктами на слоеном тесте (280 г),400,false,true,2-sovetskaya,rimskogo-korsakova,,5.1,,false
Круассан с начинкой,kruassan-s-nachinkoy,5fab84f647b9e10c06cef6ec,5fab8a8a7f79011633ce9c45,Wed Nov 11 2020 06:54:02 GMT+0000 (Coordinated Universal Time),Thu Apr 29 2021 21:29:15 GMT+0000 (Coordinated Universal Time),,deserty,false,,Начинку можно уточнить у бариста,180,false,false,2-sovetskaya,rimskogo-korsakova,met-vo,,,false
Круассан с начинкой,kruassan-s-nachinkoy-2,5fab84f647b9e10c06cef6ec,5fc4d7c50fa24cfd26f1fe23,Mon Nov 30 2020 11:30:13 GMT+0000 (Coordinated Universal Time),Thu Apr 29 2021 21:25:07 GMT+0000 (Coordinated Universal Time),,deserty,false,,Начинку можно уточнить у бариста,180,false,false,2-sovetskaya,rimskogo-korsakova,met-vo,4,,false
Куриный бульон с яйцом пашот,kurinyy-bulon-s-yaycom-pashot,5fab84f647b9e10c06cef6ec,61579eb20d59300f98eba15d,Fri Oct 01 2021 23:50:10 GMT+0000 (Coordinated Universal Time),Fri Mar 04 2022 14:53:13 GMT+0000 (Coordinated Universal Time),Fri Mar 04 2022 15:01:33 GMT+0000 (Coordinated Universal Time),supy-i-vtorye-blyuda,true,Куриный бульон с яйцом пашот,"Куриный бульон с куриной грудкой sous vide, яйцом пашот и пастой птитим, подается с хрустящими домашними тостами (400 г)",350,false,false,2-sovetskaya,rimskogo-korsakova,,1.1,,false
Латте,latte,5fab84f647b9e10c06cef6ec,5fbe43017e4363f6d349c515,Wed Nov 25 2020 11:41:53 GMT+0000 (Coordinated Universal Time),Sat May 01 2021 00:22:14 GMT+0000 (Coordinated Universal Time),Sat May 01 2021 00:28:01 GMT+0000 (Coordinated Universal Time),drinks,true,,,200,false,false,2-sovetskaya,rimskogo-korsakova,met-vo,1.3,,false
Латте лесной орех,latte-lesnoy-oreh,5fab84f647b9e10c06cef6ec,61579510b834585e42d33880,Fri Oct 01 2021 23:09:04 GMT+0000 (Coordinated Universal Time),Fri Oct 01 2021 23:30:28 GMT+0000 (Coordinated Universal Time),Fri Oct 01 2021 23:31:22 GMT+0000 (Coordinated Universal Time),drinks,true,Безумный согревающий,,280,false,false,2-sovetskaya,rimskogo-korsakova,met-vo,4.1,,false
Латте: миндаль/кокос/овсяное,latte-mindal-kokos-ovsyanoye,5fab84f647b9e10c06cef6ec,5fbe43679bcde55455b7dd40,Wed Nov 25 2020 11:43:35 GMT+0000 (Coordinated Universal Time),Fri Mar 04 2022 14:34:24 GMT+0000 (Coordinated Universal Time),Fri Mar 04 2022 15:01:33 GMT+0000 (Coordinated Universal Time),drinks,true,,,280/350,true,false,2-sovetskaya,rimskogo-korsakova,met-vo,1.6,,false
Латте шалфей,latte-shalfei,5fab84f647b9e10c06cef6ec,5fc4b65e225b7ff8d929d045,Mon Nov 30 2020 09:07:42 GMT+0000 (Coordinated Universal Time),Thu Apr 29 2021 16:31:05 GMT+0000 (Coordinated Universal Time),,drinks,true,,,250,false,false,2-sovetskaya,rimskogo-korsakova,met-vo,4.4,,false
Лимонад Fritz-Kola в ассортименте,limonad-fritz-kola-v-assortimente,5fab84f647b9e10c06cef6ec,5fc4b1d09b75575b88939751,Mon Nov 30 2020 08:48:16 GMT+0000 (Coordinated Universal Time),Sun Oct 31 2021 00:31:34 GMT+0000 (Coordinated Universal Time),Sun Oct 31 2021 01:09:13 GMT+0000 (Coordinated Universal Time),drinks,true,,,330,true,true,2-sovetskaya,rimskogo-korsakova,met-vo,3.9,,false
Лимонад Гибискус,limonad-gibiskus,5fab84f647b9e10c06cef6ec,608ae2127b5b7bd2968fba1d,Thu Apr 29 2021 16:42:58 GMT+0000 (Coordinated Universal Time),Fri Oct 01 2021 23:02:57 GMT+0000 (Coordinated Universal Time),,drinks,true,,,250,true,false,2-sovetskaya,rimskogo-korsakova,met-vo,4.4,,false
Маття Fizz,mattya-fizz,5fab84f647b9e10c06cef6ec,608ae2309d4a09889d603e42,Thu Apr 29 2021 16:43:28 GMT+0000 (Coordinated Universal Time),Fri Oct 01 2021 23:03:07 GMT+0000 (Coordinated Universal Time),,drinks,true,,,280,true,false,2-sovetskaya,rimskogo-korsakova,met-vo,4.5,,false
Маття какао,mattya-kakao,5fab84f647b9e10c06cef6ec,6157957a4a67c00a0167a0fc,Fri Oct 01 2021 23:10:50 GMT+0000 (Coordinated Universal Time),Fri Oct 01 2021 23:29:19 GMT+0000 (Coordinated Universal Time),Fri Oct 01 2021 23:30:00 GMT+0000 (Coordinated Universal Time),drinks,true,,,280,false,false,2-sovetskaya,rimskogo-korsakova,met-vo,4.4,,false
Маття кокос,mattya-kokos,5fab84f647b9e10c06cef6ec,5fc4b1a94665e454fe188ed0,Mon Nov 30 2020 08:47:37 GMT+0000 (Coordinated Universal Time),Fri Mar 04 2022 14:35:28 GMT+0000 (Coordinated Universal Time),Fri Mar 04 2022 15:01:33 GMT+0000 (Coordinated Universal Time),drinks,true,,,300,true,false,2-sovetskaya,rimskogo-korsakova,met-vo,3.8,,false
Маття на безлактозном молоке,mattya-na-bezlaktoznom-moloke,5fab84f647b9e10c06cef6ec,615797122ea0e11126de2354,Fri Oct 01 2021 23:17:38 GMT+0000 (Coordinated Universal Time),Fri Mar 04 2022 14:35:01 GMT+0000 (Coordinated Universal Time),,drinks,true,,,280,false,false,2-sovetskaya,rimskogo-korsakova,met-vo,5.1,,false
Мексиканская похлебка,meksikanskaya-pohlebka,5fab84f647b9e10c06cef6ec,5fc4d4f94665e431f3189948,Mon Nov 30 2020 11:18:17 GMT+0000 (Coordinated Universal Time),Thu Apr 29 2021 21:09:51 GMT+0000 (Coordinated Universal Time),,supy-i-vtorye-blyuda,false,,Яркий согревающий суп в мексиканском стиле с красной фасолью и сочной говядиной,260,false,false,2-sovetskaya,rimskogo-korsakova,,1,,false
Меренговый десерт,merengovyy-desert,5fab84f647b9e10c06cef6ec,61579fe98b841c655af3e732,Fri Oct 01 2021 23:55:21 GMT+0000 (Coordinated Universal Time),Fri Mar 04 2022 14:56:32 GMT+0000 (Coordinated Universal Time),Fri Mar 04 2022 15:01:33 GMT+0000 (Coordinated Universal Time),deserty,true,Меренговый десерт,"Воздушная меренга со сливочным кремом, соусом из ежевики и миксом из свежих ягод (100 г)",220,false,false,2-sovetskaya,rimskogo-korsakova,,7,,false
Миндальное пирожное,mindalnoe-pirozhnoe,5fab84f647b9e10c06cef6ec,608b2263ca0c0481bd48e262,Thu Apr 29 2021 21:17:23 GMT+0000 (Coordinated Universal Time),Fri Mar 04 2022 14:55:54 GMT+0000 (Coordinated Universal Time),Fri Mar 04 2022 15:01:33 GMT+0000 (Coordinated Universal Time),deserty,false,,"Миндально-фундучные коржи с заварным кремом, покрытые глазурью из молочного шоколада с миндальной крошкой (130 г)",250,false,true,2-sovetskaya,rimskogo-korsakova,met-vo,4,,false
----- Модный чёрный,modnyy-chyornyy,5fab84f647b9e10c06cef6ec,5fd14508d243fab9b9b566b6,Wed Dec 09 2020 21:43:36 GMT+0000 (Coordinated Universal Time),Wed Dec 09 2020 21:52:44 GMT+0000 (Coordinated Universal Time),Wed Dec 09 2020 21:53:12 GMT+0000 (Coordinated Universal Time),,false,Модный чёрный,,,false,false,2-sovetskaya,rimskogo-korsakova,met-vo,2,,true
Можжевеловый кекс,mozhzhevelovyy-keks,5fab84f647b9e10c06cef6ec,5fc4d76fef827350bb4a798e,Mon Nov 30 2020 11:28:47 GMT+0000 (Coordinated Universal Time),Fri Mar 04 2022 14:54:41 GMT+0000 (Coordinated Universal Time),Fri Mar 04 2022 15:01:33 GMT+0000 (Coordinated Universal Time),deserty,false,,С шалфеем и соленой карамелью (140 г),220,false,true,2-sovetskaya,rimskogo-korsakova,met-vo,1,,false
Мятное Ice Какао,myatnoe-ice-kakao,5fab84f647b9e10c06cef6ec,608ae25a0cbb5a83ba0a5b79,Thu Apr 29 2021 16:44:10 GMT+0000 (Coordinated Universal Time),Fri Oct 01 2021 23:03:17 GMT+0000 (Coordinated Universal Time),,drinks,true,,,250,false,false,2-sovetskaya,rimskogo-korsakova,met-vo,4.6,,false
------ Не кофе,ne-kofe,5fab84f647b9e10c06cef6ec,5fd1452deb05493228f6ee78,Wed Dec 09 2020 21:44:13 GMT+0000 (Coordinated Universal Time),Wed Dec 09 2020 21:52:54 GMT+0000 (Coordinated Universal Time),Wed Dec 09 2020 21:53:12 GMT+0000 (Coordinated Universal Time),,false,Не кофе,,,false,false,2-sovetskaya,rimskogo-korsakova,met-vo,3,,true
Овсянка с орехами,ovsyanka-s-orehami,5fab84f647b9e10c06cef6ec,5fab9841b17921bcbf01e701,Wed Nov 11 2020 07:52:33 GMT+0000 (Coordinated Universal Time),Fri Mar 04 2022 14:46:27 GMT+0000 (Coordinated Universal Time),Fri Mar 04 2022 15:01:33 GMT+0000 (Coordinated Universal Time),zavtraki,true,,"Овсяные хлопья на молоке, с финиковым соусом и запеченным крамблом из грецкого ореха* (360 г)",250,false,true,2-sovetskaya,rimskogo-korsakova,,1.2,,false
Овсянка с вареньем,ovsyanka-s-vareniem,5fab84f647b9e10c06cef6ec,5fab982a09ce9ce131030afc,Wed Nov 11 2020 07:52:10 GMT+0000 (Coordinated Universal Time),Fri Mar 04 2022 14:46:32 GMT+0000 (Coordinated Universal Time),Fri Mar 04 2022 15:01:33 GMT+0000 (Coordinated Universal Time),zavtraki,true,Овсянка,"Овсяные хлопья на молоке, с домашним вареньем из вишни и миндальными лепестками* (350 г)",250,false,true,2-sovetskaya,rimskogo-korsakova,,1.1,,false
Овсянка -- сноска,ovsyanka-snoska,5fab84f647b9e10c06cef6ec,5fc4bf47c189873884f12668,Mon Nov 30 2020 09:45:43 GMT+0000 (Coordinated Universal Time),Fri Mar 04 2022 14:46:15 GMT+0000 (Coordinated Universal Time),Fri Mar 04 2022 15:01:33 GMT+0000 (Coordinated Universal Time),zavtraki,true,,* Можем приготовить на растительном молоке,300,true,true,2-sovetskaya,rimskogo-korsakova,,1.3,,false
Печенье с клюквой,pechenie,5fab84f647b9e10c06cef6ec,5fab8b75eb2efda3bb0b3575,Wed Nov 11 2020 06:57:57 GMT+0000 (Coordinated Universal Time),Fri Mar 04 2022 14:56:50 GMT+0000 (Coordinated Universal Time),Fri Mar 04 2022 15:01:33 GMT+0000 (Coordinated Universal Time),deserty,true,Печенье,Печенье с клюквой и белым шоколадом (60 г),120,false,true,2-sovetskaya,rimskogo-korsakova,met-vo,8.1,,false
Печенье с пеканом,pechenie-s-pekanom,5fab84f647b9e10c06cef6ec,5fab92282eab7b1839ca053b,Wed Nov 11 2020 07:26:32 GMT+0000 (Coordinated Universal Time),Fri Mar 04 2022 14:56:46 GMT+0000 (Coordinated Universal Time),Fri Mar 04 2022 15:01:33 GMT+0000 (Coordinated Universal Time),deserty,true,,Печенье с пеканом и кокосом (60 г),120,false,true,2-sovetskaya,rimskogo-korsakova,met-vo,8.2,,false
Печенье шоколадное,pechenie-shokoladnoe,5fab84f647b9e10c06cef6ec,5fab92388cd0d12eec78c961,Wed Nov 11 2020 07:26:48 GMT+0000 (Coordinated Universal Time),Fri Mar 04 2022 14:56:41 GMT+0000 (Coordinated Universal Time),Fri Mar 04 2022 15:01:33 GMT+0000 (Coordinated Universal Time),deserty,true,,Печенье шоколадное (70 г),120,false,true,2-sovetskaya,rimskogo-korsakova,met-vo,8.3,,false
Поке-боул с лососем,poke-boul-s-lososem,5fab84f647b9e10c06cef6ec,5fc4d5891e108e2c2bef11ee,Mon Nov 30 2020 11:20:41 GMT+0000 (Coordinated Universal Time),Fri Mar 04 2022 14:54:06 GMT+0000 (Coordinated Universal Time),Fri Mar 04 2022 15:01:33 GMT+0000 (Coordinated Universal Time),supy-i-vtorye-blyuda,false,,"Свежий огурец, авокадо и лосось собственного посола в соусе из водорослей чука с кунжутом и эмульсией манго (360 г)",450,false,false,2-sovetskaya,rimskogo-korsakova,,6,,false
Пряный гибискус,pryanyy-gibiskus,5fab84f647b9e10c06cef6ec,615795588d3ceb37a65c4ebd,Fri Oct 01 2021 23:10:16 GMT+0000 (Coordinated Universal Time),Fri Oct 01 2021 23:29:15 GMT+0000 (Coordinated Universal Time),Fri Oct 01 2021 23:30:00 GMT+0000 (Coordinated Universal Time),drinks,true,,,250,true,false,2-sovetskaya,rimskogo-korsakova,met-vo,4.3,,false
Пряный сэндвич с овощами,pryanyy-sendvich-s-ovoshchami,5fab84f647b9e10c06cef6ec,5fc4d4683f9d3505ea4b0f1b,Mon Nov 30 2020 11:15:52 GMT+0000 (Coordinated Universal Time),Fri Mar 04 2022 14:51:38 GMT+0000 (Coordinated Universal Time),Fri Mar 04 2022 15:01:33 GMT+0000 (Coordinated Universal Time),sendvichi,false,,Запеченные с травами сезонные овощи с кешью соусом в хрустящем домашнем багете (250 г),350,true,true,2-sovetskaya,rimskogo-korsakova,,2,,false
Раф Cookie,raf-cookie,5fab84f647b9e10c06cef6ec,5fc4b61d0c1ad41e000393d7,Mon Nov 30 2020 09:06:37 GMT+0000 (Coordinated Universal Time),Fri Oct 01 2021 23:29:07 GMT+0000 (Coordinated Universal Time),Fri Oct 01 2021 23:30:00 GMT+0000 (Coordinated Universal Time),drinks,true,,,280,false,false,2-sovetskaya,rimskogo-korsakova,met-vo,4.2,,false
Раф классический,raf-klassicheskiy,5fab84f647b9e10c06cef6ec,5fbe4343b98f15daae2a9d39,Wed Nov 25 2020 11:42:59 GMT+0000 (Coordinated Universal Time),Sat May 01 2021 00:22:48 GMT+0000 (Coordinated Universal Time),Sat May 01 2021 00:28:01 GMT+0000 (Coordinated Universal Time),drinks,true,,,250,false,false,2-sovetskaya,rimskogo-korsakova,met-vo,1.5,,false
Разный чай,raznyi-chay,5fab84f647b9e10c06cef6ec,5fc4b0dadc62ab764ec41c85,Mon Nov 30 2020 08:44:10 GMT+0000 (Coordinated Universal Time),Sat May 01 2021 00:24:03 GMT+0000 (Coordinated Universal Time),Sat May 01 2021 00:28:01 GMT+0000 (Coordinated Universal Time),drinks,true,,,200,true,false,2-sovetskaya,rimskogo-korsakova,met-vo,3.4,,false
Разный Ice Латте: соя/миндаль/кокос,raznyy-ice-latte-soya-mindal-kokos,5fab84f647b9e10c06cef6ec,608ae291e5705d47ebb76a3a,Thu Apr 29 2021 16:45:05 GMT+0000 (Coordinated Universal Time),Fri Oct 01 2021 23:03:21 GMT+0000 (Coordinated Universal Time),,drinks,true,,,280,true,false,2-sovetskaya,rimskogo-korsakova,met-vo,4.7,,false
Рисовая каша с кокосовым пломбиром,risovaya-kasha-s-kokosovym-plombirom,5fab84f647b9e10c06cef6ec,61579793dbb47a721231e66e,Fri Oct 01 2021 23:19:47 GMT+0000 (Coordinated Universal Time),Fri Mar 04 2022 14:46:45 GMT+0000 (Coordinated Universal Time),Fri Mar 04 2022 15:01:33 GMT+0000 (Coordinated Universal Time),zavtraki,true,Рисовая каша с кокосовым пломбиром,"Рисовая каша на кокосовом молоке, с маринованным ананасом и пломбиром на основе кокоса и ванили* (340 г)",280,false,false,2-sovetskaya,rimskogo-korsakova,,2.1,,false
Рисовая каша с кокосовым пломбиром -- сноска,risovaya-kasha-s-kokosovym-plombirom-snoska,5fab84f647b9e10c06cef6ec,615797dd4c057c0975dd7625,Fri Oct 01 2021 23:21:01 GMT+0000 (Coordinated Universal Time),Tue Nov 23 2021 09:44:55 GMT+0000 (Coordinated Universal Time),Tue Nov 23 2021 09:44:55 GMT+0000 (Coordinated Universal Time),zavtraki,true,,* Можем приготовить без пломбира,,true,false,2-sovetskaya,rimskogo-korsakova,,2.2,,false
Ризотто с белыми грибами,rizotto-s-belymi-gribami,5fab84f647b9e10c06cef6ec,608b21022ea60c40e2a78385,Thu Apr 29 2021 21:11:30 GMT+0000 (Coordinated Universal Time),Fri Mar 04 2022 14:53:39 GMT+0000 (Coordinated Universal Time),,supy-i-vtorye-blyuda,false,,"Ризотто с белыми грибами, сливочным сыром маскарпоне и вешенками в авторском исполнении (350 г)",400,false,false,2-sovetskaya,rimskogo-korsakova,,4,,false
Салат с курицей,salat-s-kuricey,5fab84f647b9e10c06cef6ec,5fc4d73ce6be6c2a712a469a,Mon Nov 30 2020 11:27:56 GMT+0000 (Coordinated Universal Time),Thu Apr 29 2021 21:25:41 GMT+0000 (Coordinated Universal Time),,supy-i-vtorye-blyuda,false,,Салат со свежими овощами и нежным куриным бедром под горчичным соусом,300,false,false,2-sovetskaya,rimskogo-korsakova,,6,,false
Салат с сыром Камамбер и имбирной заправкой,salat-s-syrom-kamamber-i-imbirnoy-zapravkoy,5fab84f647b9e10c06cef6ec,608b21a927466052eed6a4e0,Thu Apr 29 2021 21:14:17 GMT+0000 (Coordinated Universal Time),Fri Oct 01 2021 23:48:50 GMT+0000 (Coordinated Universal Time),,supy-i-vtorye-blyuda,false,,"Салатный микс из лолло россо и рукколы, карамелизированные абрикосы, сыр Камамбер и печеный фундук, заправленные имбирно-цитрусовым соусом (170 г)",350,false,false,2-sovetskaya,rimskogo-korsakova,,350,,false
Какао Indian Summer,sasao-indian-summer,5fab84f647b9e10c06cef6ec,5fc4b643b4c949e0e4406a16,Mon Nov 30 2020 09:07:15 GMT+0000 (Coordinated Universal Time),Thu Apr 29 2021 16:30:54 GMT+0000 (Coordinated Universal Time),,drinks,true,,,280,true,false,2-sovetskaya,rimskogo-korsakova,met-vo,4.3,,false
Сбитень Black,sbiten-black,5fab84f647b9e10c06cef6ec,5fc4b39a51db5af44cd9fb91,Mon Nov 30 2020 08:55:54 GMT+0000 (Coordinated Universal Time),Thu Apr 29 2021 16:30:34 GMT+0000 (Coordinated Universal Time),,drinks,true,Безумный согревающий,,280,false,false,2-sovetskaya,,met-vo,4.1,,false
Сэндвич с индейкой,sendvich-s-indeykoy,5fab84f647b9e10c06cef6ec,5fc4d478387fc8547e5c22e6,Mon Nov 30 2020 11:16:08 GMT+0000 (Coordinated Universal Time),Fri Mar 04 2022 14:51:51 GMT+0000 (Coordinated Universal Time),Fri Mar 04 2022 15:01:33 GMT+0000 (Coordinated Universal Time),sendvichi,false,,Сочная поджаренная индейка с соусом из зерновой горчицы с корнишонами в хрустящем домашнем багете (320 г),390,false,true,2-sovetskaya,rimskogo-korsakova,,3,,false
Сэндвич с лососем и соусом Хандаши,sendvich-s-lososem-i-sousom-handashi,5fab84f647b9e10c06cef6ec,608b1f8bb0094a834a364e1b,Thu Apr 29 2021 21:05:15 GMT+0000 (Coordinated Universal Time),Fri Mar 04 2022 14:52:59 GMT+0000 (Coordinated Universal Time),Fri Mar 04 2022 15:01:33 GMT+0000 (Coordinated Universal Time),sendvichi,false,,"Сэндвич с малосольным лососем шеф-посола, свежей рукколой и творожным сыром под соусом Хандаши в хрустящем домашнем хлебе (270 г), с 10 утра",450,false,false,2-sovetskaya,rimskogo-korsakova,,5.4,,false
"Сэндвич с ветчиной, сыром и горчичным соусом",sendvich-s-vetchinoy-syrom-i-gorchichnym-sousom,5fab84f647b9e10c06cef6ec,608b1f75e7bc4cc09898a2c4,Thu Apr 29 2021 21:04:53 GMT+0000 (Coordinated Universal Time),Fri Mar 04 2022 14:52:46 GMT+0000 (Coordinated Universal Time),Fri Mar 04 2022 15:01:33 GMT+0000 (Coordinated Universal Time),sendvichi,false,,"Сэндвич с ветчиной, сыром, томатами и яйцом под горчичным соусом в хрустящем домашнем хлебе (290 г), с 10 утра",350,false,false,2-sovetskaya,rimskogo-korsakova,,5.3,,false
----- Штатный кофе,shtatnyy-kofe,5fab84f647b9e10c06cef6ec,5fd14329164e8ec62f282507,Wed Dec 09 2020 21:35:37 GMT+0000 (Coordinated Universal Time),Wed Dec 09 2020 21:52:36 GMT+0000 (Coordinated Universal Time),Wed Dec 09 2020 21:53:12 GMT+0000 (Coordinated Universal Time),,false,Штатный кофе,,,false,false,2-sovetskaya,rimskogo-korsakova,met-vo,,,true
Сливочный крем-суп из корня сельдерея,slivochnyy-krem-sup-iz-kornya-seldereya,5fab84f647b9e10c06cef6ec,608b20408213362c012f01c3,Thu Apr 29 2021 21:08:16 GMT+0000 (Coordinated Universal Time),Fri Oct 01 2021 23:48:29 GMT+0000 (Coordinated Universal Time),,supy-i-vtorye-blyuda,false,,"Нежный крем из томленого сельдерея с пряным фундуком и копченым маслом, подается с хрустящими домашними тостами (320 г)",280,false,false,2-sovetskaya,rimskogo-korsakova,,2,,false
Смузи-боул тропический,smuzi-boul-tropicheskiy,5fab84f647b9e10c06cef6ec,61579c179c0b9b7492d6237b,Fri Oct 01 2021 23:39:03 GMT+0000 (Coordinated Universal Time),Sun Oct 31 2021 00:34:20 GMT+0000 (Coordinated Universal Time),Sun Oct 31 2021 01:09:13 GMT+0000 (Coordinated Universal Time),zavtraki,true,Смузи-боул тропический,"Смузи из тропических фруктов на банановом молоке, подается с миндалем и свежим манго (250 г)",350,true,true,2-sovetskaya,rimskogo-korsakova,,9,,false
Смузи-боул ягодный,smuzi-boul-yagodnyy,5fab84f647b9e10c06cef6ec,61579bf24a67c0b29167cb72,Fri Oct 01 2021 23:38:26 GMT+0000 (Coordinated Universal Time),Sun Oct 31 2021 00:34:14 GMT+0000 (Coordinated Universal Time),Sun Oct 31 2021 01:09:13 GMT+0000 (Coordinated Universal Time),zavtraki,true,Смузи-боул ягодный,"Смузи из лесных ягод на кокосовом молоке, подается со свежими ягодами и шоколадной гранолой (260 г)",350,false,true,2-sovetskaya,rimskogo-korsakova,,8.1,,false
Стакан молока,stakan-moloka,5fab84f647b9e10c06cef6ec,5fc4b0fcf2b5f148c4d032fe,Mon Nov 30 2020 08:44:44 GMT+0000 (Coordinated Universal Time),Sat May 01 2021 00:24:27 GMT+0000 (Coordinated Universal Time),Sat May 01 2021 00:28:01 GMT+0000 (Coordinated Universal Time),drinks,true,,,90,,false,2-sovetskaya,rimskogo-korsakova,met-vo,3.4,,false
Стакан молока: соя/миндаль/кокос,stakan-moloka-soya-mindal-kokos,5fab84f647b9e10c06cef6ec,5fc4b116f2b5f1f3c2d03300,Mon Nov 30 2020 08:45:10 GMT+0000 (Coordinated Universal Time),Sat May 01 2021 00:24:41 GMT+0000 (Coordinated Universal Time),Sat May 01 2021 00:28:01 GMT+0000 (Coordinated Universal Time),drinks,true,,,150,true,false,2-sovetskaya,rimskogo-korsakova,met-vo,3.6,,false
Стейк-сэндвич,steyk-sendvich,5fab84f647b9e10c06cef6ec,5fc4d49cc18987943bf128f7,Mon Nov 30 2020 11:16:44 GMT+0000 (Coordinated Universal Time),Fri Mar 04 2022 14:52:01 GMT+0000 (Coordinated Universal Time),Fri Mar 04 2022 15:01:33 GMT+0000 (Coordinated Universal Time),sendvichi,false,,Открытый сэндвич с сочным стейком из говяжьей вырезки со сливочным сыром (260 г),480,false,false,2-sovetskaya,rimskogo-korsakova,,4,,false
Страчателла с томатами и пряной сливой ,strachatella-s-tomatami-i-pryanoy-slivoy,5fab84f647b9e10c06cef6ec,61579f2840656a2e35d87f5a,Fri Oct 01 2021 23:52:08 GMT+0000 (Coordinated Universal Time),Fri Mar 04 2022 14:54:30 GMT+0000 (Coordinated Universal Time),Fri Mar 04 2022 15:01:33 GMT+0000 (Coordinated Universal Time),supy-i-vtorye-blyuda,true,Страчателла с томатами и пряной сливой ,"Томаты на подушке из соуса песто и сыра страчателла, подается с маринованной сливой и вареньем из черри (260 г)",400,false,false,2-sovetskaya,rimskogo-korsakova,,8,,false
Суп из печеных перцев,sup-iz-pechenyh-percev,5fab84f647b9e10c06cef6ec,61579ef3d9fa36bf04a7fcc9,Fri Oct 01 2021 23:51:15 GMT+0000 (Coordinated Universal Time),Sat Mar 05 2022 12:10:55 GMT+0000 (Coordinated Universal Time),Sat Mar 05 2022 12:12:21 GMT+0000 (Coordinated Universal Time),supy-i-vtorye-blyuda,true,Суп из печеных перцев,"Крем-суп из запеченных перцев с фрикадельками и копченым творогом, подается с хрустящими домашними тостами (320 г)",350,false,true,2-sovetskaya,rimskogo-korsakova,,2.1,,false
Сырники из рикотты,syrniki-iz-rikotty,5fab84f647b9e10c06cef6ec,5fc4bf848f677a05ff5303ef,Mon Nov 30 2020 09:46:44 GMT+0000 (Coordinated Universal Time),Fri Mar 04 2022 14:47:00 GMT+0000 (Coordinated Universal Time),Fri Mar 04 2022 15:01:33 GMT+0000 (Coordinated Universal Time),zavtraki,true,Сырники из рикотты,С лаймовым соусом и сливочным кремом (240 г),420,false,true,2-sovetskaya,rimskogo-korsakova,,3.1,,false
Сырники из рикотты с лесными ягодами,syrniki-iz-rikotty-s-lesnymi-yagodami,5fab84f647b9e10c06cef6ec,5fc4bfa3dc55a34893e01597,Mon Nov 30 2020 09:47:15 GMT+0000 (Coordinated Universal Time),Fri Mar 04 2022 14:46:56 GMT+0000 (Coordinated Universal Time),Fri Mar 04 2022 15:01:33 GMT+0000 (Coordinated Universal Time),zavtraki,true,,С соусом из лесных ягод с тимьяном и сливочным кремом (240 г),420,false,true,2-sovetskaya,rimskogo-korsakova,,3.2,,false
Теплый сэндвич «Крок Мадам»,teplyy-sendvich-krok-madam,5fab84f647b9e10c06cef6ec,5fc4d43283b0d53afcece420,Mon Nov 30 2020 11:14:58 GMT+0000 (Coordinated Universal Time),Fri Mar 04 2022 14:51:26 GMT+0000 (Coordinated Universal Time),Fri Mar 04 2022 15:01:33 GMT+0000 (Coordinated Universal Time),sendvichi,false,,"Классический французский сэндвич с ветчиной, сыром, жареным яйцом и соусом Морне (350 г)",380,false,true,2-sovetskaya,rimskogo-korsakova,,1,,false
Вареники с вишней,vareniki-s-vishney-2,5fab84f647b9e10c06cef6ec,5fc4bfd2b4c9490e6c406f8d,Mon Nov 30 2020 09:48:02 GMT+0000 (Coordinated Universal Time),Fri Mar 04 2022 14:47:40 GMT+0000 (Coordinated Universal Time),Fri Mar 04 2022 15:01:33 GMT+0000 (Coordinated Universal Time),zavtraki,true,Вареники с вишней,Подаются с соусом на основе кардамона и сыром страчателла* (250 г),450,false,true,2-sovetskaya,rimskogo-korsakova,,4.1,,false
Вареники с вишней без сыра,vareniki-s-vishney-bez-syra,5fab84f647b9e10c06cef6ec,5fc4c5a0afc1ebcccbc86041,Mon Nov 30 2020 10:12:48 GMT+0000 (Coordinated Universal Time),Fri Mar 04 2022 14:47:13 GMT+0000 (Coordinated Universal Time),Fri Mar 04 2022 15:01:33 GMT+0000 (Coordinated Universal Time),zavtraki,true,,* Можем приготовить без сыра,450,true,true,2-sovetskaya,rimskogo-korsakova,,4.2,,false
Веганский батончик,veganskiy-batonchik,5fab84f647b9e10c06cef6ec,5fc4d854c72a43bf807da1ad,Mon Nov 30 2020 11:32:36 GMT+0000 (Coordinated Universal Time),Fri Mar 04 2022 14:58:36 GMT+0000 (Coordinated Universal Time),,deserty,false,,На основе фиников с добавлением орехов и фруктов (50 г),150,true,true,2-sovetskaya,rimskogo-korsakova,met-vo,9,,false
Веганский десерт,veganskiy-desert,5fab84f647b9e10c06cef6ec,608b228314bd824755478bba,Thu Apr 29 2021 21:17:55 GMT+0000 (Coordinated Universal Time),Fri Mar 04 2022 14:56:07 GMT+0000 (Coordinated Universal Time),Fri Mar 04 2022 15:01:33 GMT+0000 (Coordinated Universal Time),deserty,false,,"Нежная основа из кешью крема с тимьяном, с чернично-лимонной начинкой и семенами чиа (100 г)",220,false,true,2-sovetskaya,rimskogo-korsakova,,5,,false
Веганский морковно-ореховый кекс,veganskiy-morkovno-orehovyy-keks,5fab84f647b9e10c06cef6ec,622229bcbc79b764843817ad,Fri Mar 04 2022 15:01:16 GMT+0000 (Coordinated Universal Time),Fri Mar 04 2022 15:02:10 GMT+0000 (Coordinated Universal Time),Fri Mar 04 2022 15:02:29 GMT+0000 (Coordinated Universal Time),deserty,false,,"В составе морковь, грецкий орех, мука, апельсиновый фреш и пряности (100 г)",220,true,false,2-sovetskaya,rimskogo-korsakova,met-vo,13,,false
Veggie Bowl,veggie-bowl,5fab84f647b9e10c06cef6ec,5fc4d6399b7557ab9693a15b,Mon Nov 30 2020 11:23:37 GMT+0000 (Coordinated Universal Time),Fri Mar 04 2022 14:54:16 GMT+0000 (Coordinated Universal Time),Fri Mar 04 2022 15:01:33 GMT+0000 (Coordinated Universal Time),supy-i-vtorye-blyuda,false,,"Тарелка с тремя закусками: киноа с овощами и сезонными травами, копченый нут, брокколи с нежным кешью соусом, шпинатные лепешки с соусом из шелкового тофу (450 г)",480,true,false,2-sovetskaya,rimskogo-korsakova,,7,,false
Вода МЕТ в бутылке,voda-met-v-butylke,5fab84f647b9e10c06cef6ec,612437e59010581c61bebfa9,Tue Aug 24 2021 00:05:57 GMT+0000 (Coordinated Universal Time),Sat Oct 30 2021 23:33:57 GMT+0000 (Coordinated Universal Time),Sun Oct 31 2021 01:09:13 GMT+0000 (Coordinated Universal Time),drinks,true,,,120,true,true,2-sovetskaya,rimskogo-korsakova,met-vo,3.11,,false
Воронка V60,voronka-v60,5fab84f647b9e10c06cef6ec,5fc4a96c8270d919b3011016,Mon Nov 30 2020 08:12:28 GMT+0000 (Coordinated Universal Time),Wed Dec 09 2020 22:18:03 GMT+0000 (Coordinated Universal Time),Wed Dec 09 2020 22:23:32 GMT+0000 (Coordinated Universal Time),drinks,true,,,170,true,false,2-sovetskaya,rimskogo-korsakova,met-vo,2.2,,false
Яичница +авокадо,yaichnica-avokado,5fab84f647b9e10c06cef6ec,5fc4cfebfde44467a9a15825,Mon Nov 30 2020 10:56:43 GMT+0000 (Coordinated Universal Time),Sat Mar 05 2022 12:11:19 GMT+0000 (Coordinated Universal Time),Sat Mar 05 2022 12:12:21 GMT+0000 (Coordinated Universal Time),zavtraki,true,,+ Авокадо,+100,false,true,2-sovetskaya,rimskogo-korsakova,,16.9,,false
Яичница +бекон,yaichnica-bekon,5fab84f647b9e10c06cef6ec,5fc4ca202c5b612afbde961d,Mon Nov 30 2020 10:32:00 GMT+0000 (Coordinated Universal Time),Sat Mar 05 2022 12:11:57 GMT+0000 (Coordinated Universal Time),Sat Mar 05 2022 12:12:21 GMT+0000 (Coordinated Universal Time),zavtraki,true,,+ Бекон,+100,false,true,2-sovetskaya,rimskogo-korsakova,,16.2,,false
Яичница +брокколи,yaichnica-brokkoli,5fab84f647b9e10c06cef6ec,5fc4ca46225b7f5c0029d5ad,Mon Nov 30 2020 10:32:38 GMT+0000 (Coordinated Universal Time),Sat Mar 05 2022 12:11:51 GMT+0000 (Coordinated Universal Time),Sat Mar 05 2022 12:12:21 GMT+0000 (Coordinated Universal Time),zavtraki,true,,+ Брокколи,+100,false,true,2-sovetskaya,rimskogo-korsakova,,16.3,,false
Яичница +черри,yaichnica-cherri,5fab84f647b9e10c06cef6ec,5fc4cf00dc62abcf74c4219f,Mon Nov 30 2020 10:52:48 GMT+0000 (Coordinated Universal Time),Sat Mar 05 2022 12:11:35 GMT+0000 (Coordinated Universal Time),Sat Mar 05 2022 12:12:21 GMT+0000 (Coordinated Universal Time),zavtraki,true,,+ Томаты черри,+100,false,true,2-sovetskaya,rimskogo-korsakova,,16.6,,false
Яичница +фасоль,yaichnica-fasol,5fab84f647b9e10c06cef6ec,5fc4d0182c5b61d299de9a3b,Mon Nov 30 2020 10:57:28 GMT+0000 (Coordinated Universal Time),Sat Mar 05 2022 12:11:13 GMT+0000 (Coordinated Universal Time),Sat Mar 05 2022 12:12:21 GMT+0000 (Coordinated Universal Time),zavtraki,true,,+ Фасоль,+100,false,true,2-sovetskaya,rimskogo-korsakova,,16.11,,false
Яичница +лосось,yaichnica-losos,5fab84f647b9e10c06cef6ec,5fc4d1d11303b6f2ca27cfee,Mon Nov 30 2020 11:04:49 GMT+0000 (Coordinated Universal Time),Sat Mar 05 2022 12:11:07 GMT+0000 (Coordinated Universal Time),Sat Mar 05 2022 12:12:21 GMT+0000 (Coordinated Universal Time),zavtraki,true,,+ Лосось,+200,false,true,2-sovetskaya,rimskogo-korsakova,,16.12,,false
Яичница +нут,yaichnica-nut,5fab84f647b9e10c06cef6ec,5fc4cfbb0c1ad4667f039fde,Mon Nov 30 2020 10:55:55 GMT+0000 (Coordinated Universal Time),Sat Mar 05 2022 12:11:24 GMT+0000 (Coordinated Universal Time),Sat Mar 05 2022 12:12:21 GMT+0000 (Coordinated Universal Time),zavtraki,true,,+ Копченый нут,+100,false,true,2-sovetskaya,rimskogo-korsakova,,16.8,,false
Яичница +пармезан,yaichnica-parmezan,5fab84f647b9e10c06cef6ec,5fc4cea6ef827365fd4a76d0,Mon Nov 30 2020 10:51:18 GMT+0000 (Coordinated Universal Time),Sat Mar 05 2022 12:11:41 GMT+0000 (Coordinated Universal Time),Sat Mar 05 2022 12:12:21 GMT+0000 (Coordinated Universal Time),zavtraki,true,,+ Пармезан,+100,false,true,2-sovetskaya,rimskogo-korsakova,,16.5,,false
Яичница +руккола,yaichnica-rukkola,5fab84f647b9e10c06cef6ec,5fc4ccaf0d624cdd2816672d,Mon Nov 30 2020 10:42:55 GMT+0000 (Coordinated Universal Time),Sat Mar 05 2022 12:11:46 GMT+0000 (Coordinated Universal Time),Sat Mar 05 2022 12:12:21 GMT+0000 (Coordinated Universal Time),zavtraki,true,,+ Руккола,+100,false,true,2-sovetskaya,rimskogo-korsakova,,16.4,,false
Яичница +шампиньоны,yaichnica-shampinony,5fab84f647b9e10c06cef6ec,5fc4cf363f9d35275a4b0e78,Mon Nov 30 2020 10:53:42 GMT+0000 (Coordinated Universal Time),Sat Mar 05 2022 12:11:30 GMT+0000 (Coordinated Universal Time),Sat Mar 05 2022 12:12:21 GMT+0000 (Coordinated Universal Time),zavtraki,true,,+ Шампиньоны,+100,false,true,2-sovetskaya,rimskogo-korsakova,,16.7,,false
Яйца скрэмбл / яичница-глазунья,yayca-skrembl-yaichnica-glazunya,5fab84f647b9e10c06cef6ec,5fc4c99eeeb7b86bab8a0e05,Mon Nov 30 2020 10:29:50 GMT+0000 (Coordinated Universal Time),Sat Mar 05 2022 12:12:13 GMT+0000 (Coordinated Universal Time),Sat Mar 05 2022 12:12:21 GMT+0000 (Coordinated Universal Time),zavtraki,true,Яйца скрэмбл / яичница-глазунья,"Готовится из трех яиц с добавлением ингредиентов на ваш вкус, подается с хрустящими тостами. 220 / 190 г",200,false,true,2-sovetskaya,rimskogo-korsakova,,16.1,,false
Заварная булочка шу -- брусника,zavarnaya-bulochka-shu-brusnika,5fab84f647b9e10c06cef6ec,61579f89f9cd71e93695d18a,Fri Oct 01 2021 23:53:45 GMT+0000 (Coordinated Universal Time),Fri Nov 10 2023 17:12:18 GMT+0000 (Coordinated Universal Time),Fri Nov 10 2023 17:12:18 GMT+0000 (Coordinated Universal Time),deserty,true,Заварная булочка шу,С брусничным муссом (60 г),150,false,true,2-sovetskaya,rimskogo-korsakova,met-vo,6.1,,true
Заварная булочка шу -- сливочный крем,zavarnaya-bulochka-shu-slivochnyy-krem,5fab84f647b9e10c06cef6ec,61579fc13b6b74560e938a97,Fri Oct 01 2021 23:54:41 GMT+0000 (Coordinated Universal Time),Fri Nov 10 2023 17:12:32 GMT+0000 (Coordinated Universal Time),Fri Nov 10 2023 17:12:32 GMT+0000 (Coordinated Universal Time),deserty,true,,"Со сливочным кремом, ганашем из белого шоколада и миндальными лепестками (60 г)",150,false,true,2-sovetskaya,rimskogo-korsakova,met-vo,6.2,,false
